{"cameraMode":{"drawMode":31,"name":"Sprite Mask","section":"Miscellaneous"},"sceneLighting":true,"audioPlay":false,"sceneViewState":{"showFog":true,"showMaterialUpdate":true,"showSkybox":true,"showFlares":true,"showImageEffects":true,"showParticleSystems":true},"in2DMode":false,"pivot":{"x":-19.743267059326173,"y":-15.906167030334473,"z":-12.28945255279541},"rotation":{"x":-0.08644307404756546,"y":0.900606632232666,"z":-0.3705251216888428,"w":-0.2101106345653534},"size":55.68275833129883,"orthographic":false}